oc_density,m04_density,combined_density,oc_mean_area,m04_mean_area,combined_mean_area,oc_std_area,m04_std_area,combined_std_area,oc_objects,m04_objects,combined_objects
2.269674518262494,1.973154418855529,1.8414829473956884,-1.471847758151115,0.2461991514880195,-0.022748060684464028,-1.7344789374684813,0.23878580130760263,1.0549428277827193,1.9089156324584262,1.6642641045827777,1.5014358826600647
0.03444046630361129,0.062458498692300427,0.08043233602402206,0.15662358627660375,0.8080372036992707,0.9820766705893978,0.09822027255886663,0.8137014168390486,0.30402950828312736,0.07072746505318118,0.11164971257333342,0.14886675880254335
